{"cameraMode":{"drawMode":0,"name":"Shaded","section":"Shading Mode"},"sceneLighting":true,"audioPlay":false,"sceneViewState":{"m_AlwaysRefresh":false,"showFog":true,"showSkybox":true,"showFlares":true,"showImageEffects":true,"showParticleSystems":true,"showVisualEffectGraphs":true,"m_FxEnabled":true},"in2DMode":false,"pivot":{"x":3.799767255783081,"y":0.06970225274562836,"z":1.6624971628189088},"rotation":{"x":0.7081658840179443,"y":0.0010590676683932543,"z":-0.0010622496483847499,"w":0.706044614315033},"size":8.195741653442383,"orthographic":true}