{"cameraMode":{"drawMode":0,"name":"Shaded","section":"Shading Mode"},"sceneLighting":false,"audioPlay":false,"sceneViewState":{"m_AlwaysRefresh":false,"showFog":true,"showSkybox":false,"showFlares":true,"showImageEffects":true,"showParticleSystems":true,"showVisualEffectGraphs":true,"m_FxEnabled":true},"in2DMode":false,"pivot":{"x":0.10447651147842407,"y":-0.3572157323360443,"z":0.32739290595054629},"rotation":{"x":0.6699926853179932,"y":0.015585769899189473,"z":-0.014071914367377758,"w":0.7420703768730164},"size":0.44812893867492678,"orthographic":true}